sigma,final_mean,final_std,final_median
0.005,-17.876405288496382,0.47509526256739104,-18.124219425172335
0.01,-17.71471725849497,0.7126404143588959,-17.940018819699233
0.03,-16.9309830030123,0.7056017588547179,-17.24947665106683
0.1,-16.917313944071388,0.06038207032688348,-16.885276379057267
0.3,-16.868782239231567,0.6439784473211133,-16.944426356380298
